Leas Cliff Hall,6.d1kinoixqaibjnz.jpg
Leas Cliff Hall,1.o.jpg
Leas Cliff Hall,19.4dae4180e3cd49e98882079c91e5c14a.jpg
Leas Cliff Hall,14.maxresdefault.jpg
Leas Cliff Hall,8.af1qipoofqtiyej2qsyd7mk4wzuvyyulzrsajgn3x-mo=s1600-w1600.jpg
Snape Maltings,6.snape-maltings-concert-hall-interior-26-09-2014-14.25.39-photo-by-matt-jolly__1-3000x1200.jpg
Snape Maltings,18.1200px-snape_maltings_concert_hall_2c_snape_2c_suffolk__282_29.jpg
Snape Maltings,17.snape-maltings-concert-hall-photo-credit-matt-jolly.jpg
Snape Maltings,9.snape-maltings-concert-hall-interior-photo-by-matt-jolly-3.jpg
st-margarets-church-national-centre-early-music,5.sl384075.jpg
st-margarets-church-national-centre-early-music,._sl384075.jpg
st-margarets-church-national-centre-early-music,._sl384060.jpg
st-margarets-church-national-centre-early-music,sl384060.jpg
st-margarets-church-national-centre-early-music,sl384075.jpg
st-margarets-church-national-centre-early-music,._sl384072.jpg
st-margarets-church-national-centre-early-music,._sl384074.jpg
st-margarets-church-national-centre-early-music,sl384096.jpg
st-margarets-church-national-centre-early-music,sl384112.jpg
st-margarets-church-national-centre-early-music,._sl384096.jpg
st-margarets-church-national-centre-early-music,sl384102.jpg
st-margarets-church-national-centre-early-music,7.sl384072.jpg
st-margarets-church-national-centre-early-music,sl384074.jpg
st-margarets-church-national-centre-early-music,._sl384102.jpg
st-margarets-church-national-centre-early-music,._sl384112.jpg
st-margarets-church-national-centre-early-music,sl384072.jpg
innocent-railway-tunnel,12.4421501927_27466a5054_b.jpg
innocent-railway-tunnel,._middle_tunnel_2.jpg
innocent-railway-tunnel,middle_tunnel_3.jpg
innocent-railway-tunnel,9.dee2d0bb7e6e873d915469a2e3a219bd.jpg
innocent-railway-tunnel,4.view-down-the-tunnel.jpg
innocent-railway-tunnel,middle_tunnel_2.jpg
innocent-railway-tunnel,2.the-innocent-railway.jpg
innocent-railway-tunnel,1.dsc_8156.jpg
innocent-railway-tunnel,7.dsc_81531.jpg
innocent-railway-tunnel,._middle_tunnel_4.jpg
innocent-railway-tunnel,._middle_tunnel_3.jpg
innocent-railway-tunnel,middle_tunnel_4.jpg
Presidio Chapel,3.presidio-chapel-san-francisco-ca-588dbaf9-d32a-4bfd-84ad-5a29f12189cd-97450e389c42885476f1fbe9bc5bca5a.jpg
Presidio Chapel,10.20170715_drewchris_0445.jpg
Presidio Chapel,2.presidio-chapel-san-francisco-ca-eea0298d-f658-4d16-b1e1-87874fccbaf1-97450e389c42885476f1fbe9bc5bca5a.jpg
Presidio Chapel,18.presidiosb_willakveta_ceremony2-1170x738.jpg
Presidio Chapel,4.presidio-chapel-san-francisco-ca-1b125ada-9959-4ff4-90d0-230af3acfc64-97450e389c42885476f1fbe9bc5bca5a.jpg
Presidio Chapel,._image--055.jpg
Presidio Chapel,image--055.jpg
Ryman Auditorium,9.full.jpg
Ryman Auditorium,._image--010.jpg
Ryman Auditorium,image--100.jpg
Ryman Auditorium,8.ryman-auditorium-nashville-tour-stage-balcony-carltonauts-travel-tips.jpg
Ryman Auditorium,image--009.jpg
Ryman Auditorium,._image--009.jpg
Ryman Auditorium,6.635934857584560183-xxx-d04-al-s-nashville-07-int-ryman-1137253.jpg
Ryman Auditorium,image--101.jpg
Ryman Auditorium,13.350px-ryman_stage.jpg
Ryman Auditorium,._image--011.jpg
Ryman Auditorium,3.6f.jpg
Ryman Auditorium,image--010.jpg
Ryman Auditorium,image--011.jpg
Ryman Auditorium,2.r072a.jpg
Ryman Auditorium,._image--101.jpg
Ryman Auditorium,20.bnadtn-omni-nashville-hotel-ryman-auditorium.jpg
Ryman Auditorium,15.29085401922_04a0a870f7_k.jpg
Ryman Auditorium,14..jpg
Ryman Auditorium,10.ehpybfnxyaab7qk.jpg
Ryman Auditorium,._image--100.jpg
Atherton Hall ,image--092.jpg
Atherton Hall ,._image--092.jpg
SOH Concert Hall,3.1600x90013.jpg
SOH Concert Hall,13.be5d698cdc012ef2b6341cdc8d9ca799.jpg
SOH Concert Hall,image--002.jpg
SOH Concert Hall,._image--031.jpg
SOH Concert Hall,image--003.jpg
SOH Concert Hall,image--031.jpg
SOH Concert Hall,4.sso_20performance_20images_20robert_20catto-03_1600x900.jpg
SOH Concert Hall,10.venue_soh_ch.jpg
SOH Concert Hall,20.sydney-opera-house-concert-hall_awo_credit-prudence-upton_-1.jpg
SOH Concert Hall,._image--003.jpg
SOH Concert Hall,2.concerthall_venuehire_1600x900_daniel_20boud.jpg
SOH Concert Hall,8.7720126-3x4-xlarge.jpg
SOH Concert Hall,5.fleet_20foxes_sydney_20opera_20house_credit_daniel_20boud_001.jpg.image.800.450.high.jpg
SOH Concert Hall,15.chorusoz_16x9_hero.jpg.image.800.450.high.jpg
SOH Concert Hall,._image--032.jpg
SOH Concert Hall,12.sydney_opera_house_concert_hall_october_2018.jpg
SOH Concert Hall,11.5bbb100b52e3ffcf7d2abe4842f42917.jpg
SOH Concert Hall,image--032.jpg
SOH Concert Hall,18.soh.jpg
SOH Concert Hall,._image--002.jpg
SOH Concert Hall,6.1.jpg
SOH Concert Hall,9.concert_20hall__view_20from_20box_1560x876.jpg.image.800.450.high.jpg
Cello Western Studio 2,11.western.studio+1966.jpg
Cello Western Studio 2,2.300px-cellostudio1.jpg
Cello Western Studio 2,9.cellostudio1.jpg
Cello Western Studio 2,1.300px-cellostudio2.jpg
stairway-university-york,5.774fe5a4185b51a3e19f999eb2226c46.jpg
stairway-university-york,._stairway.jpg
stairway-university-york,16.a05b18f9947826b1be624125b897b03b.jpg
stairway-university-york,stairway.jpg
Royal Chapel,2.versailles_chapel_-_july_2006_edit.jpg
Royal Chapel,14.5057077089_91536a7dbf_b.jpg
Royal Chapel,1.slottskyrkan_800p_2011c.jpg
Royal Chapel,5.royal-chapel-at-chateau-de-versailles-france-3.jpg
Royal Chapel,4.the-royal-chapel.jpg
Royal Chapel,10.versailles-royal-chapel-gr-fl-jun15.jpg
Royal Chapel,20.b9ff91df87bf666d90ccf39b2856225c.jpg
Royal Chapel,13.dc.jpg
Royal Chapel,19.the-royal-chapel-of-versailles-gerard-martineau.jpg
Royal Chapel,11.h3csh0kf9nsnxv9tpkl1.jpg
Royal Chapel,12.146.jpg
Royal Chapel,8.yr7u7t3j0sr41.jpg
Royal Chapel,6.sweden-stockholm-stockholm-palace-royal-chapel.jpg
Royal Chapel,15.maxresdefault.jpg
Royal Chapel,9.versailles-royal-chapel-over-top-jun15.jpg
Apollo Theatre,8.apollo_kateglicksberg_0946_a941890f-fa73-14ef-9b9a9ed3b628a1de.jpg
Apollo Theatre,17.acxkfd-apollo_2771384b.jpg
Apollo Theatre,20.catered-events-apollo-theater.jpg
Apollo Theatre,3.apollo-theater-secrets-tree-stage-interior-nyc.jpg
Apollo Theatre,5.guide-apollo-harlem-manhattan-nyc-photo-kate-glicksberg__large.jpg
Apollo Theatre,4.211173-new-york.jpg
Apollo Theatre,7.apollo_theater_004.jpg
Apollo Theatre,19.apollo_kateglicksberg_09780_24cb96cd-cd92-7872-111a8454a142996f.jpg
Apollo Theatre,11.apollo_kateglicksberg_0939__large.jpg
Apollo Theatre,9.apollo-01-1.jpg
Apollo Theatre,10.apollo-placer-2.jpg
Apollo Theatre,16.apollo16-1.jpg
Apollo Theatre,18.98cd8ee08ecbf624eda408592a5ecb59.jpg
Apollo Theatre,12.apollo_theater_002.jpg
St Paul Chapel,._image--057.jpg
St Paul Chapel,20.saint_pauls_chapel_int_img_2322.jpg
St Paul Chapel,image--057.jpg
tvisongur-sound-sculpture-iceland-model,._tvisongur_sound_sculpture_seydisfjordur_2.jpg
tvisongur-sound-sculpture-iceland-model,tvisongur_sound_sculpture_seydisfjordur_2.jpg
creswell-crags,._inside.jpg
creswell-crags,inside.jpg
creswell-crags,6.mother_grundy_27s_parlour_cave_2c_creswell_crags__283_29.jpg
First unitarian church,3.2057998040.jpg
First unitarian church,10.first-unitarian-church-at-emeac-at-cass-corridor-commons-wedding-detroit-mi-a-8.jpg
First unitarian church,19.sanctuary.jpg
First unitarian church,11.unitarian-1.jpg
First unitarian church,2.asset_upload_file303_186249.jpg
First unitarian church,1.meeting-house-empty-940x658-1-940x588.jpg
Azrieli Hall,image--141.jpg
Azrieli Hall,._image--141.jpg
Dundee Caird Hall,13.both-organs.jpg
Dundee Caird Hall,14._1557920_cairdhall300.jpg
Dundee Caird Hall,15.5564b9b11e6c4744a499d5fac0b7c96b.jpg
Dundee Caird Hall,6.20190621-135521-largejpg.jpg
Dundee Caird Hall,17.maxresdefault.jpg
Dundee Caird Hall,3.img_0103.jpg
Dundee Caird Hall,4.1554737557cairdhall.jpg
Dundee Caird Hall,8.15576006866.jpg
Dundee Caird Hall,2.large.jpg
Dundee Caird Hall,16.dh3k16bxcaa_glx.jpg
Dundee Caird Hall,11.dundee-children-on-caird-hall-stage.jpg
Desert,15.0073_sahara_rc1_4372-4000.jpg
Desert,10.fbby1h_1.jpg
Desert,9.rub_al_khali_002.jpg
Desert,18.f1643f36708fadabd1f1bf38a425687f_xl.jpg
Desert,17.saharadesertrainpower_web_1024.jpg
Desert,14.180910-making-rain-sahara-desert-feature.jpg
Desert,2.sand-dunes-sahara-morocco-merzouga.jpg
Desert,7.desert__focusfillwzq1ntksmjcwmcwiesismtczxq.jpg
Desert,1.hi_115201.jpg
Desert,19.main_lut.jpg
Desert,5.deacenxy23nf8vscrwzpgn.jpg
Elevator Hallway,image--172.jpg
Elevator Hallway,2.elevator-hallway.jpg
Elevator Hallway,4.1qxzofgwml431.jpg
Elevator Hallway,._image--172.jpg
Elevator Hallway,9.elevator-hallway.jpg
Elevator Hallway,3.group-of-elevators-in-an-office-building.jpg
tyndall-bruce-monument,4.inside-the-monument.jpg
tyndall-bruce-monument,1.maxresdefault.jpg
Barrymore Theatre,17.5af5e9bc59c70.image.jpg
Barrymore Theatre,1.barrymore-houseview.jpg
Barrymore Theatre,7.barrymore-theatre-walkthrough-2018-05-hr.jpg
Barrymore Theatre,5.barrymore-theatre-interior-orchestra-and-mezzanine-view-from-boxes.jpg
Barrymore Theatre,12.5b83f17773148.image.jpg
Barrymore Theatre,6.yueiv-20181120190355.jpg
Barrymore Theatre,20.interior.jpg
Barrymore Theatre,9.yueiv-20181120190713.jpg
terrys-typing-room,dscf0138.jpg
terrys-typing-room,._dscf0148.jpg
terrys-typing-room,._dscf0140.jpg
terrys-typing-room,dscf0148.jpg
terrys-typing-room,._dscf0143.jpg
terrys-typing-room,dscf0140.jpg
terrys-typing-room,._dscf0138.jpg
terrys-typing-room,dscf0139.jpg
terrys-typing-room,dscf0143.jpg
terrys-typing-room,._dscf0139.jpg
Disney Hall,10.walt-disney-concert-hall-mike-kelley-2.jpg
Disney Hall,1.wdch-auditorium-stage-view_hi.jpg
Disney Hall,6..jpg
Disney Hall,9.e074b9da9fb1b487a1ae88d1cbe485a7.jpg
Disney Hall,2.ba1d1a39e23995b9fbfad34655263697.jpg
Disney Hall,19.disney-concert-hall-interior_960x720.jpg
Disney Hall,14.kmd06disneyconcerthalltour_9-5945f4095f9b58d58a28d5b3.jpg
Disney Hall,15.disney_20hall_20organ-0762.jpg
Disney Hall,16..jpg
Spa Pavilion,._image--068.jpg
Spa Pavilion,11.the-spa-pavilion-theatre.jpg
Spa Pavilion,image--068.jpg
Southport Theatre,17.southport-theatre-convention.jpg
Southport Theatre,7.southport-theatre-convention.jpg
Southport Theatre,18.d-s4idowwaa3ljo.jpg
Southport Theatre,9.theatre-banner.jpg
Southport Theatre,12.v2_file_255213588.jpg
Southport Theatre,3.csqhwicw0aazcad.jpg_large.jpg
Southport Theatre,8.photo0jpg.jpg
Southport Theatre,14.7459_added_1564144790340.jpg
SOH Opera Theatre,._image--006.jpg
SOH Opera Theatre,3.sydney_opera_house_23.jpg
SOH Opera Theatre,image--006.jpg
SOH Opera Theatre,14.1600x5331.jpg
SOH Opera Theatre,._image--005.jpg
SOH Opera Theatre,1.joan_20sutherland_20theatre_1600x900.jpg
SOH Opera Theatre,4.joansutherlandtheatre_venuehire_1600x900_credit_daniel_20boud_011.jpg
SOH Opera Theatre,image--005.jpg
SOH Opera Theatre,12.800px-sydney_opera_house_-_inside_2.jpg
falkland-palace-royal-tennis-court,._tennis.jpg
falkland-palace-royal-tennis-court,1.falkland-palace-tennis-court.jpg
falkland-palace-royal-tennis-court,4.img_7409.jpg
falkland-palace-royal-tennis-court,8.falklandpalacetenniscourt.jpg
falkland-palace-royal-tennis-court,15.4206606438_4c83423523_b.jpg
falkland-palace-royal-tennis-court,tennis.jpg
falkland-palace-royal-tennis-court,12.10d513b82250ecf9ac64e9bf66b64de3.jpg
falkland-palace-royal-tennis-court,20.jesmond-dene-tennis-court.jpg
falkland-palace-royal-tennis-court,._dsc00535.jpg
falkland-palace-royal-tennis-court,7.tennis-court-falkland-palace-1024x678.jpg
falkland-palace-royal-tennis-court,3.img_7410.jpg
falkland-palace-royal-tennis-court,6.falkland-palace.jpg
falkland-palace-royal-tennis-court,dsc00535.jpg
London Arena,image--090.jpg
London Arena,11.arena-f4f3aedcc1.jpg
London Arena,16.atp_world_tour_final_tennis_at_the_02_arena_london.jpg
London Arena,._image--090.jpg
London Arena,10.340.jpg
Royal Festival Hall,19.kcl-grad-ceremony-2019-327421x280.jpg
Royal Festival Hall,7.508094a34c2970a7.jpg
Royal Festival Hall,15.241.jpg
Royal Festival Hall,18.774.jpg
Royal Festival Hall,10.39cf2b5f4b4590e2.jpg
Royal Festival Hall,11.rfh-balcony-to-stage.jpg
Royal Festival Hall,17.news-graphics-2007-_636662a.jpg
Royal Festival Hall,14.royal-festival-hall-auditorium.jpg
Royal Festival Hall,4.000539e700bd3316.jpg
Royal Festival Hall,2.52e081d66082a79e.jpg
Royal Festival Hall,16.2f6bc596e90a513b375479ce36dbc421.jpg
Royal Festival Hall,3.800px-royal_festival_hall__2837366103611_29.jpg
Royal Festival Hall,9.30679882760_8c5c83560b.jpg
Royal Festival Hall,5.106903f0777af307.jpg
Royal Festival Hall,6.3014-royal-festival-hall-auditorium-room.jpg
Nekarot Cavern,1.6d4e19_6187480f1146495abdbfb2bb136a874c~mv2.jpg
Nekarot Cavern,2.img_4507.jpg
Nekarot Cavern,image--165.jpg
Nekarot Cavern,._image--165.jpg
Nekarot Cavern,11.red-canyon.jpg
Nekarot Cavern,5.parsat-nekarot-negev-001-20120125.jpg
Nekarot Cavern,6.parsat-nekarot-negev-004-20120125.jpg
Teatro Valli Opera House,11.13164070124_7e376686d4_b.jpg
Teatro Valli Opera House,._image--046.jpg
Teatro Valli Opera House,8.teatro_municipale_romolo_valli_02.jpg
Teatro Valli Opera House,10.12697-73e2cd3da4c86c30e48684878ddace6e-1502322958.jpg
Teatro Valli Opera House,15.85535106eba821734fcea83412e01f93.jpg
Teatro Valli Opera House,image--046.jpg
Teatro Valli Opera House,3.6a710e0df5db64a692be25899f4a3d9b.jpg
Teatro Valli Opera House,6.teatro-valli.jpg
Teatro Valli Opera House,._image--047.jpg
Teatro Valli Opera House,image--047.jpg
Teatro Valli Opera House,1.teatro_romolo_valli_reggio_emilia-2.jpg
Teatro Valli Opera House,7.b0f38be5d4eabbbb7e5626cd1a2c5c6b.jpg
Teatro Valli Opera House,18.dl_munichcuvillies.jpg
Teatro Valli Opera House,9.reggio.jpg
Teatro Valli Opera House,4.d5fab241cb62b5cdb3e7bde840a46e9b.jpg
Teatro Valli Opera House,17.teatro_municipale_romolo_valli_04.jpg
Teatro Valli Opera House,13.12692-b283af81fa8385ef88ee44bc5f22c0ee-1502322955.jpg
Teatro Valli Opera House,19.fenice-theatre.jpg
York Minster England,19.england-york-minster-choir.jpg
York Minster England,16.five-sisters-window-york-minster-york-north-yorkshire-england-uk-530289100-581a411a3df78cc2e8413e78.jpg
York Minster England,15.york_minster_choir_2c_nth_yorkshire_2c_uk_-_diliff.jpg
Hermitage Theatre,11.hermitage-auditorium.jpg
Hermitage Theatre,1.hermitage_theatre.jpg
Hermitage Theatre,3.hermitage-slider-2.jpg
Hermitage Theatre,16.the-hermitage-theatre.jpg
Hermitage Theatre,2.hermitage-theater-in-st-petersburg.jpg
Hermitage Theatre,15.hermitage_20theatre_20stage.jpg
Hermitage Theatre,7.d80b052626f879fba19dbeee0af57fc9.jpg
Hermitage Theatre,18.sidebar.jpg
Hermitage Theatre,8.64.jpg
Hermitage Theatre,4.7e401f434e10c9e38f520bdac9364b11.jpg
Alexander Nevsky Church,4.13339306414_45a129b52b_k.jpg
Alexander Nevsky Church,7.st-alexander-nevsky-church.jpg
Alexander Nevsky Church,18.o1xnr8ccs0e11.jpg
Bluebird Cafe,._image--150.jpg
Bluebird Cafe,1.bottom_big4.jpg
Bluebird Cafe,17.pic-1-bluebird-cafe-the-stage.jpg
Bluebird Cafe,image--150.jpg
Bluebird Cafe,7.maxresdefault.jpg
Bluebird Cafe,image--151.jpg
Bluebird Cafe,3.nashville-cafe-edb00ad8bb1abccb.jpg
Bluebird Cafe,4.bluebird-cafe-seating.jpg.optimal.jpg
Bluebird Cafe,2.intheround4.jpg
Bluebird Cafe,._image--151.jpg
Bluebird Cafe,18.inside-the-bluebird-cafe.jpg
Ocean,13.2-ocean.jpg
Ocean,2.1c9ab248-0c9c-413d-b0c8-ce8aec56b821.jpg
Ocean,20.ocean.jpg
Ocean,7.bcc3bd1e-5dc0-4843-a841706ae575c694_source.jpg
Ocean,6.6b85d914-883f-11e9-a9bc-e8ed9093c066_image_hires_174926.jpg
Ocean,16.file-20191003-52796-1763ajl.jpg
Ocean,1.clouds_over_the_atlantic_ocean.jpg
Siracusa,6.80_sicily-siracusa-greek-theatre.jpg
Siracusa,._image--088.jpg
Siracusa,10.greek_amphitheatre_2c_siracusa__2825678297608_29.jpg
Siracusa,image--088.jpg
St John Church,8.default02.jpg
St John Church,2.header-bg.jpg
St John Church,._image--056.jpg
St John Church,image--056.jpg
St John Church,10.dsc00944.jpg
St John Church,6.img_2699.jpg
St John Church,5.osj-6.jpg
High noon saloon,3.e01f3770-b019-467b-8d54-80d9c187f67d-venue01[1].jpg
High noon saloon,4.7372d6c8-237c-4f9c-b56b-9111c887075d-balcony[1].jpg
High noon saloon,19.img_0818-e1559832847343.jpg
High noon saloon,1.hns1-2.jpg
High noon saloon,8.5889387d-058e-427d-9bd8-58d1bc5e9349-venue02-300x199[1].jpg
High noon saloon,14.20180922_153430.jpg
High noon saloon,16.754923-35974-l-ty6ysud.jpg
newgrange,8.newgrange-inside_800.jpg
newgrange,4.170ff01fad383c8591e3b1751fedadfa.jpg
newgrange,2.newgrange_winter_solstice_tourism_ireland.jpg
newgrange,6.newgrange-interior.jpg
newgrange,10.irish-megalith.jpg
newgrange,3.newgrange-chamber-col.jpg
newgrange,3.newgrange.jpg
newgrange,2.newgrange-chamber-col.jpg
Kitchen,image--177.jpg
Kitchen,17.updated-kitchen.jpg
Kitchen,16.glass-doorcab.jpg
Kitchen,14.gettyimages-1131001476.jpg
Kitchen,13.whitemodernkitchen-gettyimages-1089101352-4eddd67a46984affa521c889b02c5bf1.jpg
Kitchen,5.dp18-147587_l1_kitchencat_update_hero_1-1_dt_2col_kitchenupgrade-default.jpg
Kitchen,9.beachhouse.jpg
Kitchen,19.kitchen-decor-ideas-1580491833.jpg
Kitchen,8.335.jpg
Kitchen,18.kitchen-ideas-hbx110119wholehome-015-1572549271.jpg
Kitchen,7.white-kitchen-1-1537194316.jpg
Kitchen,1.blakes-london-kitchen-1579780869.jpg
Kitchen,15.960x0.jpg
Kitchen,2.kitchen-ideas-calderone-kitchen-006-1583960334.jpg
Kitchen,._image--177.jpg
Kitchen,4.ph163819-priority-1580934887.jpg
Kitchen,3.waterwheel-locati-architects-img~3431bd300ea9a170_14-9599-1-25d911d.jpg
Belle Meade Church,12.christmas+eve.jpg
Belle Meade Church,image--052.jpg
Belle Meade Church,._image--052.jpg
Belle Meade Church,14.nashville.immanuelbaptist.1978moller.scofield01.jpg
Belle Meade Church,image--053.jpg
Belle Meade Church,9.bmumc07.jpg
Belle Meade Church,._image--053.jpg
Belle Meade Church,1.img_6512.jpg
Big Cave,3.2e76bd189f33a3de98f7e7df39305c3b.jpg
Big Cave,8.sondoongcavebanner-amp__637054714238858623.jpg
Big Cave,6.160824165257-hang-son-doong-1watch-out-for-dinosaurs-sunbeam.jpg
Big Cave,2.14809520550_017c7db729_h.jpg
Big Cave,11.1_caters_beach_in_a_cave_02-800x498.jpg
Big Cave,12.son_doong_cave_5.jpg
Big Cave,9.damoclespit_daneilleifheit_2.jpg
Big Cave,1.e1cvoiqixrtxl405gnwyzotlb7f3zoe48n2ngjbg9ewnsqksckpiornvrzpdnbruhsluhrdjaxzhusjpcmf1hu.jpg
Big Cave,17.img_5704-big-bit-lit001.jpg
Big Cave,5.f0ca31928664e4d8f255e84b92e9ba6c.jpg
Big Cave,20.image.jpg
Big Cave,16.main-qimg-c6b93df86a7b78902dfbabf8502215c1.jpg
arthur-sykes-rymer-auditorium-university-york,._28879946_1726547144077423_185865170_o.jpg
arthur-sykes-rymer-auditorium-university-york,28741004_1726746860724118_2102034281_n.jpg
arthur-sykes-rymer-auditorium-university-york,18.usina_full.jpg
arthur-sykes-rymer-auditorium-university-york,._28876197_1721973911203219_706040821_o.jpg
arthur-sykes-rymer-auditorium-university-york,28876197_1721973911203219_706040821_o.jpg
arthur-sykes-rymer-auditorium-university-york,4.mrc-(2)---720.jpg
arthur-sykes-rymer-auditorium-university-york,._28741004_1726746860724118_2102034281_n.jpg
arthur-sykes-rymer-auditorium-university-york,28879946_1726547144077423_185865170_o.jpg
arthur-sykes-rymer-auditorium-university-york,13.p1060341.jpg
arthur-sykes-rymer-auditorium-university-york,2.28879946_1726547144077423_185865170_o.jpg
arthur-sykes-rymer-auditorium-university-york,1.28876197_1721973911203219_706040821_o.jpg
arthur-sykes-rymer-auditorium-university-york,5.rymer-panorama-698x266.jpg
arthur-sykes-rymer-auditorium-university-york,14.img_2811.jpg
york-guildhall-council-chamber,19.0302350epc.jpg
york-guildhall-council-chamber,4.5094019136_e1c818cddd_b.jpg
york-guildhall-council-chamber,1.york-council-chamber-guildhall.jpg
york-guildhall-council-chamber,img_1505.jpg
york-guildhall-council-chamber,15.ecqp13fxyaiur2m.jpg
york-guildhall-council-chamber,._img_1505.jpg
york-guildhall-council-chamber,17..jpg
york-guildhall-council-chamber,5.a8603f8ce55b77ce36dc192bb68250a5.jpg
york-guildhall-council-chamber,3.york-guildhall-6309.jpg
york-guildhall-council-chamber,2._dsc3190-edit-13.jpg
york-guildhall-council-chamber,16.2895018.jpg
york-guildhall-council-chamber,8.guidehall-york-22.jpg
york-guildhall-council-chamber,.__dsc3190-edit-13.jpg
york-guildhall-council-chamber,7.pa088360.jpg
york-guildhall-council-chamber,_dsc3190-edit-13.jpg
Hamon Studios,._image--113.jpg
Hamon Studios,._image--112.jpg
Hamon Studios,image--113.jpg
Hamon Studios,image--112.jpg
The Tracking Room,2.tracking-room-large.jpg
The Tracking Room,3.ecbdnnqxuaed3co.jpg
The Tracking Room,8.tracking-room-piano-room-large.jpg
The Tracking Room,6.musicroom4.jpg
The Tracking Room,1.tracking-room-3jpg.jpg
The Tracking Room,13.tracking-room-2.jpg
The Tracking Room,5.trackingroom-0023.jpg
elveden-hall-suffolk-england,._elvedensittingroom.jpg
elveden-hall-suffolk-england,elvedensittingroom.jpg
The Big Synagog,17.jt8fai9q3wc11.jpg
The Big Synagog,14.290px-belz_world_center_inside.jpg
The Big Synagog,8.5720658946_2ace554bd3_b.jpg
The Big Synagog,9.showimage.ashx.jpg
The Big Synagog,3.eldridge_street_synagogue__2842773_29.jpg
Gaylord Ent Center,._image--163.jpg
Gaylord Ent Center,image--164.jpg
Gaylord Ent Center,._image--164.jpg
Gaylord Ent Center,image--163.jpg
maes-howe,7.maeshowefisheyeint204p.jpg
maes-howe,._mh_int_passage_sm.jpg
maes-howe,20.oxnh86el2oudbgxcfca6wzar_0e24ezyz1stgaflmig.jpg
maes-howe,4.maeshowe-rsz-hes-inside.jpg
maes-howe,._mh_int_ceil_sm.jpg
maes-howe,mh_int_ceil_sm.jpg
maes-howe,18.14f09f946b90236cea33feab404930af.jpg
maes-howe,mh_int_passage_sm.jpg
maes-howe,9.maeshowein34206304p.jpg
maes-howe,2.maeshowe-rsz-hes-inside2.jpg
hoffmann-lime-kiln-langcliffeuk,4.hoffman-crash-109.jpg
hoffmann-lime-kiln-langcliffeuk,._g0110306.jpg
hoffmann-lime-kiln-langcliffeuk,10.29588492674_e0e7a5283d_b.jpg
hoffmann-lime-kiln-langcliffeuk,1.hqdefault.jpg
hoffmann-lime-kiln-langcliffeuk,3.50006073852_294413b686_b.jpg
hoffmann-lime-kiln-langcliffeuk,g0110306.jpg
hoffmann-lime-kiln-langcliffeuk,7.hoffmann-kiln-craven.jpg
frenchsalon18thcentury,frenchsalon2.jpg
frenchsalon18thcentury,._frenchsalon1.jpg
frenchsalon18thcentury,._frenchsalon4.jpg
frenchsalon18thcentury,._frenchsalon2.jpg
frenchsalon18thcentury,frenchsalon4.jpg
frenchsalon18thcentury,frenchsalon3.jpg
frenchsalon18thcentury,frenchsalon1.jpg
frenchsalon18thcentury,._frenchsalon3.jpg
Floral Hall,10.20180922_162040.jpg
Floral Hall,13.20180922_161407.jpg
Floral Hall,4.20180901_083303.jpg
Floral Hall,1.path.jpg
Floral Hall,20.dahlia+show.jpg
Floral Hall,7.20180922_161536.jpg
Floral Hall,._image--104.jpg
Floral Hall,image--104.jpg
Floral Hall,11.everett_-_floral_hall_interior_01.jpg
r1-nuclear-reactor-hall,7.p_20181005_152503.jpg
r1-nuclear-reactor-hall,._dscf0126.jpg
r1-nuclear-reactor-hall,dscf0126.jpg
r1-nuclear-reactor-hall,dscf0128.jpg
r1-nuclear-reactor-hall,dscf0129.jpg
r1-nuclear-reactor-hall,dscf0132.jpg
r1-nuclear-reactor-hall,5.reactor-hall-blog1.jpg
r1-nuclear-reactor-hall,14.reactor-hall-blog2.jpg
r1-nuclear-reactor-hall,dscf0130.jpg
r1-nuclear-reactor-hall,._dscf0130.jpg
r1-nuclear-reactor-hall,._dscf0131.jpg
r1-nuclear-reactor-hall,13.dscf0130.jpg
r1-nuclear-reactor-hall,6.7443013768_982801dba8_b.jpg
r1-nuclear-reactor-hall,4.c1b931efb40a08fa4a840019358db086aa9edd76.jpg
r1-nuclear-reactor-hall,._dscf0128.jpg
r1-nuclear-reactor-hall,dscf0127.jpg
r1-nuclear-reactor-hall,12.ed432e0e819a5096ee2f987c4311779fadd96809.jpg
r1-nuclear-reactor-hall,dscf0131.jpg
r1-nuclear-reactor-hall,._dscf0129.jpg
r1-nuclear-reactor-hall,._p1010907.jpg
r1-nuclear-reactor-hall,._dscf0127.jpg
r1-nuclear-reactor-hall,p1010913.jpg
r1-nuclear-reactor-hall,8.7443004898_5151e629da_b.jpg
r1-nuclear-reactor-hall,._dscf0132.jpg
r1-nuclear-reactor-hall,p1010907.jpg
r1-nuclear-reactor-hall,._p1010913.jpg
Forum,1.1200px-forum_romain_05_2017.jpg
Forum,10.italy-rome-roman-forum-overview.jpg
Forum,2.forum_romanum_6k__285760x2097_29.jpg
Forum,5.temple-of-saturn-roman-forum-rome.jpg
Forum,11.148.jpg
Knights - Refectorium,13.maxresdefault.jpg
Knights - Refectorium,image--142.jpg
Knights - Refectorium,6.mqdefault.jpg
Knights - Refectorium,._image--142.jpg
Knights - Refectorium,14.maxresdefault.jpg
Knights - Refectorium,._6.mqdefault.jpg
Knights - Refectorium,11.acco-crusader-halls.jpg
Knights - Refectorium,4.arches_839.jpg
ron-cooke-hub-university-york,._ronone-min.jpg
ron-cooke-hub-university-york,ronone-min.jpg
ron-cooke-hub-university-york,img_1583-min.jpg
ron-cooke-hub-university-york,._rontwo-min.jpg
ron-cooke-hub-university-york,8.image.php.jpg
ron-cooke-hub-university-york,._img_1581-min.jpg
ron-cooke-hub-university-york,rontwo-min.jpg
ron-cooke-hub-university-york,img_1581-min.jpg
ron-cooke-hub-university-york,._img_1583-min.jpg
koli-national-park-winter,site4_a.jpg
koli-national-park-winter,13.52e28aae060ae1b770c851d94e432200.jpg
koli-national-park-winter,site_3_c.jpg
koli-national-park-winter,._site4_h.jpg
koli-national-park-winter,3.koli-6-of-8.jpg
koli-national-park-winter,20.koli-national-park-north-karelia-finland-natsionalnyi-park-1.jpg
koli-national-park-winter,._site_3_c.jpg
koli-national-park-winter,5.koli.jpg
koli-national-park-winter,7.4k0ziiqawh421.jpg
koli-national-park-winter,site4_h.jpg
koli-national-park-winter,11.4-days-in-finland-driving-the-koli-ice-road-and-koli-national-park-49.jpg
koli-national-park-winter,._site4_a.jpg
The Bottom Line,image--152.jpg
The Bottom Line,image--154.jpg
The Bottom Line,._image--154.jpg
The Bottom Line,image--153.jpg
The Bottom Line,._image--152.jpg
The Bottom Line,._image--153.jpg
shrine-and-parish-church-all-saints-north-street-_,18.308562021_0eca872d12_z.jpg
shrine-and-parish-church-all-saints-north-street-_,._img_7772.jpg
shrine-and-parish-church-all-saints-north-street-_,img_7574.jpg
shrine-and-parish-church-all-saints-north-street-_,11.p9078394.jpg
shrine-and-parish-church-all-saints-north-street-_,._img_7574.jpg
shrine-and-parish-church-all-saints-north-street-_,img_7772.jpg
shrine-and-parish-church-all-saints-north-street-_,8.york-all-saints-north-street-6349-2-s.jpg
shrine-and-parish-church-all-saints-north-street-_,2.220px-nave_and_chancel_2c_all_saints_27_church_2c_north_street_2c_york.jpg
shrine-and-parish-church-all-saints-north-street-_,17.imgp2806.jpg
shrine-and-parish-church-all-saints-north-street-_,6.north_aisle_2c_all_saints_27_church_2c_north_street_2c_york.jpg
The Wooden Recital Room,13.30321ace86cc787404fe2483138cc05f.jpg
The Wooden Recital Room,10.dsc_0768-hdr-1.jpg
The Wooden Recital Room,14.recital-hall-1024x684.jpg
The Wooden Recital Room,16.recitalhall_006.jpg
The Wooden Recital Room,4.main.jpg
The Wooden Recital Room,19.philips_small.jpg
The Wooden Recital Room,18.hatch-recital_hall_100410_105.jpg
The Wooden Recital Room,11.pycofacility-114_6_orig.jpg
The Wooden Recital Room,1.hatchrecitalhall_stage.jpg
The Wooden Recital Room,2.normal-web-1.jpg
saint-lawrence-church-molenbeek-wersbeek-belgium,11.672cd7ef07f2fd7bb50b4f7e30957d78_4b710f3d1e80e825b3304ed74f00d9eeb92b3f65.jpg
saint-lawrence-church-molenbeek-wersbeek-belgium,7.img_0757_1.jpg
saint-lawrence-church-molenbeek-wersbeek-belgium,sint_laurentius_kerkraamcolorkl.jpg
saint-lawrence-church-molenbeek-wersbeek-belgium,._sint_laurentius_kerkraamcolorkl.jpg
saint-lawrence-church-molenbeek-wersbeek-belgium,14.img_2811.jpg
Stanford Dinkelspiel Aud,image--095.jpg
Stanford Dinkelspiel Aud,1.dink_banner.jpg
Stanford Dinkelspiel Aud,11.3347284895_5887beca77.jpg
Stanford Dinkelspiel Aud,19.0b5jk0ll0ezcszmsl1v4n123uk1tsdnacn2t5ojub0knu0v3.jpg
Stanford Dinkelspiel Aud,16.8_76_c-5.jpg
Stanford Dinkelspiel Aud,._image--096.jpg
Stanford Dinkelspiel Aud,image--097.jpg
Stanford Dinkelspiel Aud,image--096.jpg
Stanford Dinkelspiel Aud,18.evqtuwewkaav9fg.jpg
Stanford Dinkelspiel Aud,._image--097.jpg
Stanford Dinkelspiel Aud,4.dinks-db-soundscape-scaled.jpg
Stanford Dinkelspiel Aud,._image--095.jpg
Bus,4.888d757df9c53e5cd48334545cd343b0.jpg
Bus,1.1200px-automet_apollo_school_bus_interior_-_rear.jpg
Bus,7.24-passenger-bus-interior.jpg
Bus,10.photo-b-c-transit-bus-interior.jpg
Bus,6.city_bus_interior.jpg
SOH - The Studio,1.fodi_202016_q_a_credit_20prudence_20upton_20630_1600x1200.jpg
SOH - The Studio,4.studio_venuehire_1600x900_credit_daniel_20boud.jpg.image.800.450.high.jpg
SOH - The Studio,._image--145.jpg
SOH - The Studio,image--145.jpg
Cello Reverb Chamber 3,1.blowup.jpg
Cello Reverb Chamber 3,image--108.jpg
Cello Reverb Chamber 3,._image--108.jpg
Cello Reverb Chamber 3,9.image.jpg
Cello Western Studio 3,2.centerstage_studio-3_live_1@2x.jpg
Cello Western Studio 3,15.center_studio1_live_2.jpg
Santa Cecilia - Large,image--028.jpg
Santa Cecilia - Large,image--029.jpg
Santa Cecilia - Large,._image--028.jpg
Santa Cecilia - Large,._image--029.jpg
Tiled Bathroom,3.oakimage-1546619021456-superjumbo.jpg
Tiled Bathroom,6.carrian_beckykimballphoto_08.jpg
Tiled Bathroom,._image--174.jpg
Tiled Bathroom,8.hgnp94nfamzwgfcg43uhmg-768-80.jpg
Tiled Bathroom,1.top-bottom-template-1-1583789549.jpg
Tiled Bathroom,13.modern-subway-tile-bathroom-025-11.jpg
Tiled Bathroom,5.bfd6a575efcbdbebf92251757b9c6103.jpg
Tiled Bathroom,image--174.jpg
Tiled Bathroom,19.tile-0043.jpg
Tiled Bathroom,15.modern-bathroom-tiled-wall.jpg
The Kitchen,._image--157.jpg
The Kitchen,10.empire-chinese-kitchen-music-venue-portland-me-stage-lights.jpg
The Kitchen,image--157.jpg
The Kitchen,image--156.jpg
The Kitchen,._image--156.jpg
Manchester Palace Theatre Palace Theatre,2.why-not-mht-palace-theatre.jpg
Manchester Palace Theatre Palace Theatre,10.frank-20180128224707.jpg
Manchester Palace Theatre Palace Theatre,12.4389545870_038880e698_b.jpg
Manchester Palace Theatre Palace Theatre,1.image.jpg
Manchester Palace Theatre Palace Theatre,14.palaceseats.jpg
Manchester Palace Theatre Palace Theatre,6.missy-20180130234703.jpg
Manchester Palace Theatre Palace Theatre,3.palace-theatre.jpg
Manchester Palace Theatre Palace Theatre,20.large.jpg
Manchester Palace Theatre Palace Theatre,8.manchesterpalace_internal_1920x1085.jpg
Manchester Palace Theatre Palace Theatre,15.palace-theatre-manchester-nh.jpg
Manchester Palace Theatre Palace Theatre,17.missy-20180128222703.jpg
Manchester Palace Theatre Palace Theatre,4.large.jpg
Yerba Buena Theatre,1.screening_room-720x519_0002_layer-1.jpg
Yerba Buena Theatre,3.ybca_lam_yellow.slide.jpg
Yerba Buena Theatre,4.yerba-buena_01.jpg
Yerba Buena Theatre,2.yerba-buena_ca-03.jpg
Yerba Buena Theatre,6.verticallinks_0003_layer-21.jpg
Yerba Buena Theatre,5.p0009998_3_20170427162443.jpg
Taormina,15.what-to-do-in-taormina.jpg
Taormina,._image--089.jpg
Taormina,12.italy-taormina-top-attractions-teatro-greco.jpg
Taormina,17.taormina-teatro-greco.jpg
Taormina,1.87540-taormina.jpg
Taormina,20.taormina-6-crop.jpg
Taormina,14.art-and-history-greek-and-roman-theatre-of-taormina.jpg
Taormina,8.taormina-sicily-italy.jpg
Taormina,image--089.jpg
Westlake Audio Studio D,5.sf_dec_01-1213-uxcdmcnycwqvidhrs_avgjrqktnnxvks.jpg
Westlake Audio Studio D,8.img_72221.jpg
Westlake Audio Studio D,15.img_722894.jpg
Westlake Audio Studio D,11.westlake-studio-d.jpg
Westlake Audio Studio D,19.sf_dec_04-1213-qnmr7vtbn9b1fz9qezmqsupuavseuvb..jpg
Westlake Audio Studio D,10.westlake_201.jpg
BlackPool Tower,image--103.jpg
BlackPool Tower,._image--103.jpg
usina-del-arte-symphony-hall,2.usina_full.jpg
usina-del-arte-symphony-hall,3.usina_interior_1200.jpg
usina-del-arte-symphony-hall,13.097f942a32d92ca5880d92104457d117.jpg
usina-del-arte-symphony-hall,._usina_full.jpg
usina-del-arte-symphony-hall,11.usina-del-arte.jpg
usina-del-arte-symphony-hall,1.monument_5832bc175b2a5.jpg
usina-del-arte-symphony-hall,usina_full.jpg
st-margarets-church-ncem-5-piece-band-spatial-measurements,10.img_0757_1.jpg
st-margarets-church-ncem-5-piece-band-spatial-measurements,17.880px-st.marybishophilyork.jpg
st-margarets-church-ncem-5-piece-band-spatial-measurements,8.sl384074.jpg
Todd-AO Scoring Stage,5.todd-ao-scoring-stage.jpg
Todd-AO Scoring Stage,4.pirates2.jpg
Todd-AO Scoring Stage,3.batman+forever+-+toddao.jpg
Todd-AO Scoring Stage,19.blowup.jpg
Todd-AO Scoring Stage,image--132.jpg
Todd-AO Scoring Stage,._image--132.jpg
Todd-AO Scoring Stage,1.todd-ao+stage.jpg
Todd-AO Scoring Stage,2.c_todd_ao_5.jpg
Todd-AO Scoring Stage,._image--131.jpg
Todd-AO Scoring Stage,12.10864682.jpg
Todd-AO Scoring Stage,image--131.jpg
Todd-AO Scoring Stage,6.ac34a274c1980c8eb5bbf7d3376df843.jpg
terrys-factory-warehouse,._dscf0124.jpg
terrys-factory-warehouse,1.dscf0124.jpg
terrys-factory-warehouse,2.dscf0125.jpg
terrys-factory-warehouse,dscf0124.jpg
terrys-factory-warehouse,._dscf0125.jpg
terrys-factory-warehouse,dscf0125.jpg
The Big Ballroom,8.coliseum-tea-dance-746x321.jpg
The Big Ballroom,3.washington-hilton-international-ballroom.jpg
The Big Ballroom,15.08abe2b33823543bd2b960d85176df92.jpg
The Big Ballroom,2.marriott-wardman-park-ballroom-credit-marriott.jpg
The Big Ballroom,1.marriott-marquis-ballroom-dc.jpg
The Big Ballroom,4.grand-ballroom-is-perfect.jpg
Karmiel Heichal-hatarbut,5.tel-aviv-side-641x427.jpg
Karmiel Heichal-hatarbut,image--081.jpg
Karmiel Heichal-hatarbut,._image--081.jpg
Karmiel Heichal-hatarbut,._image--082.jpg
Karmiel Heichal-hatarbut,image--082.jpg
Karmiel Heichal-hatarbut,3.heichal-hatarbut.jpg
Karmiel Heichal-hatarbut,image--083.jpg
Karmiel Heichal-hatarbut,4.header_1600x375_0120.jpg
Karmiel Heichal-hatarbut,11.hqdefault.jpg
Karmiel Heichal-hatarbut,1.heichal_hatarbut1.jpg
Karmiel Heichal-hatarbut,10.image.jpg
Karmiel Heichal-hatarbut,._image--083.jpg
Sound Emporium Studio B,4.dsc_7717-edit-e1464973305295.jpg
Sound Emporium Studio B,image--120.jpg
Sound Emporium Studio B,._image--121.jpg
Sound Emporium Studio B,image--121.jpg
Sound Emporium Studio B,19.as01.jpg
Sound Emporium Studio B,._image--120.jpg
Sound Emporium Studio B,8.bandinstudio.jpg
Sound Emporium Studio B,._image--122.jpg
Sound Emporium Studio B,1.dsc_7695-edit-e1464973323475.jpg
Sound Emporium Studio B,image--122.jpg
Sound Emporium Studio B,9.dsc8996-e1464807464489.jpg
jack-lyons-concert-hall-university-york,._img_2811.jpg
jack-lyons-concert-hall-university-york,img_2812.jpg
jack-lyons-concert-hall-university-york,img_2811.jpg
jack-lyons-concert-hall-university-york,12.drle1yfxgaaaupx.jpg
jack-lyons-concert-hall-university-york,6.img_2811.jpg
jack-lyons-concert-hall-university-york,3.lyons-pano-698x266.jpg
jack-lyons-concert-hall-university-york,._img_2812.jpg
jack-lyons-concert-hall-university-york,1.inside_20the_20sir_20jack_20lyons_20concert_20hall.jpg
jack-lyons-concert-hall-university-york,10.img_2812.jpg
jack-lyons-concert-hall-university-york,2.sjlch_2010.17.jpg
Ingram Hall,._image--018.jpg
Ingram Hall,image--017.jpg
Ingram Hall,._image--017.jpg
Ingram Hall,image--018.jpg
Ingram Hall,3.turner1.jpg
Ingram Hall,4.ingram2018.jpg
1st-baptist-nashville,5.first_20baptist_20church_20nashville_20tn-2-m.jpg
1st-baptist-nashville,19.100q14000000w72bo208f_c_750_350.jpg
1st-baptist-nashville,17.maxresdefault.jpg
1st-baptist-nashville,2.maxresdefault.jpg
1st-baptist-nashville,first_baptist_church_of_nashville_northwest_corner_2.jpg
1st-baptist-nashville,._first_baptist_church_of_nashville_northwest_corner_2.jpg
1st-baptist-nashville,3.first_20baptist_20church_20nashville_20tn-l.jpg
1st-baptist-nashville,10.first_20baptist_20church_20nashville_20tn-3-m.jpg
JamSync Bathroom,._138.jpg
JamSync Bathroom,138.jpg
st-patricks-church-patrington-model,3.sl381519.jpg
st-patricks-church-patrington-model,8.sl381528.jpg
st-andrews-church,._lyd_ext_sm.jpg
st-andrews-church,lyd_ext_sm.jpg
st-andrews-church,._lyd_int_sm.jpg
st-andrews-church,lyd_int2_sm.jpg
st-andrews-church,5.05standrew-2306x700.jpg
st-andrews-church,8.sa-137-x2.jpg
st-andrews-church,._lyd_int2_sm.jpg
st-andrews-church,lyd_int_sm.jpg
st-andrews-church,1.sa-073-x2.jpg
York Graand Opera House,4.0.jpg
York Graand Opera House,._image--049.jpg
York Graand Opera House,image--049.jpg
York Graand Opera House,14.grand-opera-house-belfast-1427990099-view-0.jpg
York Graand Opera House,3.photo0jpg.jpg
York Graand Opera House,image--050.jpg
York Graand Opera House,7.8f30e65e38f0e63a8b9c3b90b9248e97.jpg
York Graand Opera House,5.8189424281_f6be3448d4_b.jpg
York Graand Opera House,._image--050.jpg
York Graand Opera House,13.grand-opera-house-york-interior-1300x841.jpg
York Graand Opera House,8.york-grand-opera-house-copyjpgopt549x409o00s549x409.jpg
Rishon Heichal Hatarbut,17.17775566_948cxgqeqovpsw1-mfdkedagpw95kwnnzemvduxatpu.jpg
Rishon Heichal Hatarbut,16.header_1600x375_0122.jpg
Rishon Heichal Hatarbut,4.220px-heichal_hatarbut1.jpg
Rishon Heichal Hatarbut,18.tel-aviv-side-641x427.jpg
Rishon Heichal Hatarbut,._image--064.jpg
Rishon Heichal Hatarbut,image--063.jpg
Rishon Heichal Hatarbut,15.image.jpg
Rishon Heichal Hatarbut,._image--063.jpg
Rishon Heichal Hatarbut,10.jwvapitqnqj9qjfwqzzbpvsefymkc-n438pus2cesjw.jpg
Rishon Heichal Hatarbut,image--064.jpg
Rishon Heichal Hatarbut,6.heichal-hatarbut.jpg
Great Hall,6.6obmxijitzb21.jpg
Great Hall,3.220px-interior_great_hall.jpg
Great Hall,16.usydgreathallinside.jpg
Great Hall,7.8866.jpg
Great Hall,11.uor-003-3.jpg
Great Hall,9.fdff095b6d893c912671fa0b117ad7e6.jpg
Great Hall,12.great-hall.jpg
Great Hall,1.barley_hall_1.jpg
Great Hall,2.8866.jpg
Great Hall,4.great-hall2.jpg
Great Hall,17.https_3a_2f_2fhistoricroyalpalaces.picturepark.com_2fgo_2fklz341vz_2fv_2f38914_2f36.jpg
Great Hall,5.the-great-hall.jpg
The Stone Room,2.tracking-room-stone-room-large.jpg
The Stone Room,image--129.jpg
The Stone Room,image--130.jpg
The Stone Room,._image--129.jpg
The Stone Room,._image--130.jpg
lascala,._lascala1.jpg
lascala,._lascala4.jpg
lascala,lascala6.jpg
lascala,lascala3.jpg
lascala,._lascala5.jpg
lascala,lascala2.jpg
lascala,lascala4.jpg
lascala,._lascala6.jpg
lascala,._lascala2.jpg
lascala,._lascala3.jpg
lascala,lascala5.jpg
lascala,lascala1.jpg
Glazunov Recital Room,2.istockphoto-450825029-170667a-0f01c63.jpg
Glazunov Recital Room,3.teldex_473c91c7-99ad-41ad-868d-a8d1e99a733f_345x@2x.jpg
Glazunov Recital Room,1.bch_3.jpg
spring-lane-building-university-york,frontentrance-min.jpg
spring-lane-building-university-york,1.spring-lane-feat.jpg
spring-lane-building-university-york,._firstfloorback-min.jpg
spring-lane-building-university-york,._secondfloorunderstairs-min.jpg
spring-lane-building-university-york,._frontentrance-min.jpg
spring-lane-building-university-york,7.secondfloorunderstairs-min.jpg
spring-lane-building-university-york,firstfloorback-min.jpg
spring-lane-building-university-york,._backentrance-min.jpg
spring-lane-building-university-york,backentrance-min.jpg
spring-lane-building-university-york,secondfloorstairstwo-min.jpg
spring-lane-building-university-york,3.backentrance-min.jpg
spring-lane-building-university-york,._secondfloorstairstwo-min.jpg
spring-lane-building-university-york,secondfloorunderstairs-min.jpg
spring-lane-building-university-york,11.frontentrance-min.jpg
CBGB,10.cbgb050613_1_400.jpg
CBGB,13.john-varvatos-store-cbgb-east-village-nyc.jpg
CBGB,20.79cd54152355abfc3e827d6e4d141464.jpg
Zipper Concert Hall,2.zipper_hall_piano_wide_angle_3x5.slide.jpg
Zipper Concert Hall,15.dw7wokdvaae6w8h.jpg
Zipper Concert Hall,5.zipper-950x629.jpg
Zipper Concert Hall,13.laco20190427tn-9065.jpg
Zipper Concert Hall,10.1373.jpg
Zipper Concert Hall,4.26202a7578e65ed50b6677ace2478b06.jpg
Zipper Concert Hall,._image--039.jpg
Zipper Concert Hall,17.01dress-rehearsal-at-zipper-hall.jpg
Zipper Concert Hall,3.zipper-concert-hall.jpg
Zipper Concert Hall,1.348s.jpg
Zipper Concert Hall,image--040.jpg
Zipper Concert Hall,._image--040.jpg
Zipper Concert Hall,image--039.jpg
Wells Fargo Pavilion,image--087.jpg
Wells Fargo Pavilion,3.wfp-1-400x321.jpg
Wells Fargo Pavilion,14.0368-hdr.jpg
Wells Fargo Pavilion,10.wellsfargopavilion.jpg
Wells Fargo Pavilion,._image--087.jpg
Wells Fargo Pavilion,6.wells_fargo_pavilion_musiccircusstage.jpg
Uhara Concert Hall,._image--036.jpg
Uhara Concert Hall,2.image.jpg
Uhara Concert Hall,image--035.jpg
Uhara Concert Hall,1.image.jpg
Uhara Concert Hall,3.venues-and-accoms-00018.jpg
Uhara Concert Hall,7.image.jpg
Uhara Concert Hall,17.venues-and-accoms-00001.jpg
Uhara Concert Hall,18.image.jpg
Uhara Concert Hall,image--034.jpg
Uhara Concert Hall,._image--034.jpg
Uhara Concert Hall,9.image.jpg
Uhara Concert Hall,image--036.jpg
Uhara Concert Hall,12.sony-dre-2000-for-audio-ease-altiverb.jpg
Uhara Concert Hall,._image--035.jpg
Uhara Concert Hall,14.image.jpg
Uhara Concert Hall,8.venues-and-accoms-00036.jpg
lady-chapel-st-albans-cathedral,._lady_chapel_0.jpg
lady-chapel-st-albans-cathedral,1.31277364762_d889bf22ee_b.jpg
lady-chapel-st-albans-cathedral,._lady_chapel_1.jpg
lady-chapel-st-albans-cathedral,2.st_albans_cathedral_lady_chapel.jpg
lady-chapel-st-albans-cathedral,15.5449887487_02565f98a5_b.jpg
lady-chapel-st-albans-cathedral,lady_chapel_1.jpg
lady-chapel-st-albans-cathedral,12.dbw3vx7xyaac_kg.jpg
lady-chapel-st-albans-cathedral,9.1ff95da1a725662938c192e0f3e1f5b5.jpg
lady-chapel-st-albans-cathedral,10.imgp0025.jpg
lady-chapel-st-albans-cathedral,lady_chapel_0.jpg
Living Room,11.gettyimages-1187200939-74336d2a866d4c99853f700cb4ad7d5f.jpg
Living Room,7.hp-midcentury-inspired-living-room-58bdef1c3df78c353cddaa07.jpg
Living Room,13.658170_d1_livingroom_allwhitelivingroom_cam1.jpg
Living Room,18.10e33f4922cbfc1dd908fdb336209670.jpg
Living Room,._image--176.jpg
Living Room,1.living-room-ideas-rds-work-queens-road-01-1594232912.jpg
Living Room,6.house_calls_soldi_caillier_tacoma__wa_living_room_rafael_soldi.jpg
Living Room,3.designbyemilyhendersondesignandphotobysaraligorria-tramp_654-b8122ec9f66b4c69a068859958d8db37.jpg
Living Room,12.ee5a0c79-3981-498f-9ca0-c1f0217fc5f3-shutterstock_1118035247.jpg
Living Room,image--176.jpg
Living Room,15.boho_livingroom_250750_1.jpg
Living Room,9.holly-kopman-4-1580422693.jpg
Living Room,20.flying-pendant-lights-colourful-stools-kitsch-living-room.jpg
Living Room,17.small-living-room.jpg
Living Room,5.gray-living-room-01.jpg
Living Room,19.emily-henderson-moutain-house-living-room-lores1.jpg
Living Room,10.beautiful-small-white-living-room-blends-monochromatic-beauty-with-modernity-53868.jpg
Santa Cecilia - Medium,._image--025.jpg
Santa Cecilia - Medium,image--026.jpg
Santa Cecilia - Medium,image--025.jpg
Santa Cecilia - Medium,._image--026.jpg
Alexandrinsky Theatre,4.alexandrinsky.jpg
Alexandrinsky Theatre,15.alexandrinsky-110.jpg
Alexandrinsky Theatre,5.43869.jpg
Alexandrinsky Theatre,18.2-1303989282.jpg
Alexandrinsky Theatre,12.alexandrinsky-slider-4.jpg
Alexandrinsky Theatre,20.main-curtain-of-the-alexandrinsky-theater-in-st-petersburg.jpg
Alexandrinsky Theatre,10.1431533593_aleksandrinskij-teatr.jpg
Alexandrinsky Theatre,2.main-stage-of-the-alexandrinsky-theater-in-st-petersburg.jpg
Alexandrinsky Theatre,6.alexandrinsky-slider-6.jpg
Alexandrinsky Theatre,13.1431533351_alexandrinsky-102.jpg
Alexandrinsky Theatre,3.audience-of-the-alexandrinsky-theater-in-st-petersburg.jpg
Alexandrinsky Theatre,16.alexandrinsky_theatre.jpg
Trinity Church,._image--059.jpg
Trinity Church,._image--060.jpg
Trinity Church,3.trinity-church-broadway-wall-street-lower-manhattan-achitecture-nyc.jpg
Trinity Church,image--059.jpg
Trinity Church,image--060.jpg
Trinity Church,._image--058.jpg
Trinity Church,image--058.jpg
gill-heads-mine,8.mine_site2_g.jpg
gill-heads-mine,._mine_entrance_a.jpg
gill-heads-mine,._mine_site2_a.jpg
gill-heads-mine,mine_entrance_b.jpg
gill-heads-mine,mine_site1_b.jpg
gill-heads-mine,16.37_20dribble_20hole.jpg
gill-heads-mine,._mine_internal_a.jpg
gill-heads-mine,mine_site2_g.jpg
gill-heads-mine,._mine_internal_b.jpg
gill-heads-mine,mine_internal_b.jpg
gill-heads-mine,11.mine_site2_i.jpg
gill-heads-mine,mine_internal_c.jpg
gill-heads-mine,._mine_site2_f.jpg
gill-heads-mine,._mine_entrance_b.jpg
gill-heads-mine,._mine_site2_i.jpg
gill-heads-mine,mine_entrance_c.jpg
gill-heads-mine,mine_entrance_a.jpg
gill-heads-mine,._mine_site1_a.jpg
gill-heads-mine,15.mine_site2_f.jpg
gill-heads-mine,._mine_site1_b.jpg
gill-heads-mine,4.mine_site1_a.jpg
gill-heads-mine,mine_site2_h.jpg
gill-heads-mine,._mine_entrance_c.jpg
gill-heads-mine,mine_site2_f.jpg
gill-heads-mine,mine_internal_a.jpg
gill-heads-mine,mine_site1_a.jpg
gill-heads-mine,._mine_site2_g.jpg
gill-heads-mine,mine_site2_i.jpg
gill-heads-mine,._mine_site2_h.jpg
gill-heads-mine,._mine_internal_c.jpg
gill-heads-mine,mine_site2_a.jpg
central-hall-university-york,p1060335.jpg
central-hall-university-york,._p1060323.jpg
central-hall-university-york,p1060320.jpg
central-hall-university-york,p1060323.jpg
central-hall-university-york,p1060317.jpg
central-hall-university-york,._p1060320.jpg
central-hall-university-york,p1060329.jpg
central-hall-university-york,._p1060335.jpg
central-hall-university-york,p1060341.jpg
central-hall-university-york,._p1060341.jpg
central-hall-university-york,._p1060329.jpg
central-hall-university-york,._p1060317.jpg
Bathroom,18.bathroom-remodel.jpg
Bathroom,._image--175.jpg
Bathroom,1.5e0a2bcb954bda7a1a0e5e43.jpg
Bathroom,6.image-68.jpg
Bathroom,image--175.jpg
Bathroom,13.stl_default_name_110439618.jpg
Bathroom,16.carrian_beckykimballphoto_08.jpg
Bathroom,2.white-bathroom-freestanding-tub-1563999078.jpg
Bathroom,7.colorful-bathrooms-heidi-caillier-design-seattle-interior-designer-bathroom-pink-zellige-tile-scaled-1584654087.jpg
Bathroom,8.ht_bath-planning-guide-3-4-bath-layout-hero.jpg
Bathroom,11.small-bathroom-ideas-design-by-emily-henderson-design-photo-by-sara-ligorria-tramp-mountain-house-27-1594153367.jpg
Bathroom,4.lustenau_2c_rheinstra_c3_9fe_4_2c_badezimmer.jpg
Bathroom,14.top-bathroom-updates-scaled-2.jpg
Bathroom,12.condos-08-2048x1024.jpg
Bathroom,20.stl_default_name_110935774.jpg
Bathroom,15.hoxton-southwark-hotel-interiors-ennismore-london_dezeen_2364_hero-852x479.jpg
Bathroom,19.bathroom-design-ideas-cleaner-bathroom-marble-tile.jpg
Bathroom,5.4e2bc1412d2f3702e3159aa94a0ca913.jpg
Bathroom,17.master_20bathroom_20-_20shower_20view_20-after.jpg
Bathroom,9.interior-expressions-contemporary-master-bathroom-remodel-tucson-2.jpg
Bathroom,3.home-design.jpg
Knights - Courtyard,12.3b6f2e3dbe3f20103a395b4d8164c549.jpg
Knights - Courtyard,image--168.jpg
Knights - Courtyard,6.671fa94d47799c67f2368e7579538883.jpg
Knights - Courtyard,7.e4e2328ee613950eea87700c02caefcc.jpg
Knights - Courtyard,._image--168.jpg
Wooden Kitchen,4.traditional-designs-wooden-kitchen-cabinets-cupboards.jpg
Lyceum Theater,6.lyceum-theatre-interior-stage-view-of-orchestra-mezzanine-and-balcony.jpg
Lyceum Theater,11.lyceum-theater.jpg
Lyceum Theater,17.disneymamom18-20170625164256.jpg
Lyceum Theater,2.brightlyceum-opt-1920x1085.jpg
Lyceum Theater,8.69a8e91f39dece1d045eae633fcff83b.jpg
Lyceum Theater,image--078.jpg
Lyceum Theater,14.anonymous-20180602013247.jpg
Lyceum Theater,3.the-lyceum-theatre-in-edinburgh-134765.jpg
Lyceum Theater,12.lyceum-theatre-02.jpg
Lyceum Theater,7.lyceum01.jpg
Lyceum Theater,20.timthumb.php.jpg
Lyceum Theater,._image--078.jpg
greathall,._ghPhoto1.jpg
greathall,ghPhoto2.jpg
greathall,._ghPhoto2.jpg
greathall,ghPhoto1.jpg
st-matthews-church-walsall,._sl380057.jpg
st-matthews-church-walsall,sl380057.jpg
st-matthews-church-walsall,._sl380016.jpg
st-matthews-church-walsall,sl380016.jpg
st-matthews-church-walsall,15.sl380016.jpg
st-matthews-church-walsall,7.church15.jpg
st-matthews-church-walsall,18.church11.jpg
spokane-womans-club,2.woman-s-club-of-spokane-spokane-wa-55859f87-f2a9-4adc-8eab-eae2a6408ea6-97450e389c42885476f1fbe9bc5bca5a.jpg
spokane-womans-club,3.2592158_lg.jpg
spokane-womans-club,4.2592157_lg.jpg
spokane-womans-club,12.614621-28092-l-a3ywaqu.jpg
spokane-womans-club,1.womensclub.jpg
Clairmont Hall,11.18553499_a08f103632_b.jpg
Clairmont Hall,image--014.jpg
Clairmont Hall,1.clairmont.jpg
Clairmont Hall,._image--013.jpg
Clairmont Hall,image--013.jpg
Clairmont Hall,._image--014.jpg
sports-centre-university-york,16.tracknfield.jpg
sports-centre-university-york,dsc00706.jpg
sports-centre-university-york,._dsc00706.jpg
sports-centre-university-york,1.ysc_arena_facilities_gym_3b.jpg
sports-centre-university-york,8.dsc00704.jpg
sports-centre-university-york,dsc00704.jpg
sports-centre-university-york,17.york-sports-hall-1024x591.jpg
sports-centre-university-york,._dsc00704.jpg
Schnee Studios,10.s-5-039.jpg
Schnee Studios,4.s-5-001.jpg
Schnee Studios,1.2014-larrabee-schnee-2014-larrabee-schnee-02.jpg
Schnee Studios,._image--116.jpg
Schnee Studios,3.larrabee_02-upnsjekfzjol_dsnqc2r.jfrj5wn_g3b.jpg
Schnee Studios,._image--115.jpg
Schnee Studios,image--115.jpg
Schnee Studios,image--116.jpg
Birmingham Symphony Hall,3.800px-symphonyhallpanorama.jpg
Birmingham Symphony Hall,5.symphony-hall-wide.jpg
Birmingham Symphony Hall,17.photo3jpg.jpg
Birmingham Symphony Hall,12.symphony_hall_2c_birmingham__2831974608764_29.jpg
Birmingham Symphony Hall,2.42f318-united-kingdom-birmingham-symphony-hall-klais-lg.jpg
Birmingham Symphony Hall,6.symphony_hall_birmingham_from_grand_tier.jpg
Birmingham Symphony Hall,1.symphony-hall-birmingham-from-upper_circle.jpg
Birmingham Symphony Hall,8.18552_symphony_hall_birmingham_772211.jpg
Birmingham Symphony Hall,11.symphony-hall-birmingham-1-1339496809-view-0.jpg
Birmingham Symphony Hall,18.cbso_20mahler_208_saturday_2018_20january_202020_cr_20andrew_20fox_2_20_281_29.jpg
Birmingham Symphony Hall,9.birmingham-symphony-hall-1339491307-view-0.jpg
Birmingham Symphony Hall,10.symphony_hall_birmingham_interior.jpg
Birmingham Symphony Hall,4.10492.jpg
Birmingham Symphony Hall,15.symphony_hall_birmingham.jpg
Birmingham Symphony Hall,16.symphony-hall-birmingham-2-1339496812-view-0.jpg
Birmingham Symphony Hall,14.townhallsymphonyhallphoto2.jpg
dixon-studio-theatre-university-york,._img_2256.jpg
dixon-studio-theatre-university-york,img_2269.jpg
dixon-studio-theatre-university-york,._img_2274.jpg
dixon-studio-theatre-university-york,img_2274.jpg
dixon-studio-theatre-university-york,img_2267.jpg
dixon-studio-theatre-university-york,._img_2269.jpg
dixon-studio-theatre-university-york,._img_2267.jpg
dixon-studio-theatre-university-york,._img_2272.jpg
dixon-studio-theatre-university-york,5.img_2272.jpg
dixon-studio-theatre-university-york,3.img_2256.jpg
dixon-studio-theatre-university-york,img_2272.jpg
dixon-studio-theatre-university-york,img_2256.jpg
dixon-studio-theatre-university-york,2.img_2267.jpg
Recital Hall,8.daniel-recital-hall.jpg
Recital Hall,20.42738697661_7efeceeb83.jpg
Recital Hall,1.recital-hall-1.jpg
Recital Hall,12.recital-hall-and-auditorium-00-main-daz3d.jpg
Recital Hall,16.byuarts_madsenrecitalhall-400x247.jpg
Recital Hall,9.recital-hall_20171116_09477_web.jpg
Recital Hall,6.92f6623f-3faa-4760-b1aa-fa574bcd5d85.jpg
Recital Hall,17.5c3941470a140.image.jpg
Recital Hall,4.kulas_recital_hall.jpg
Recital Hall,11.142192.jpg
Recital Hall,19.recital.jpg
Recital Hall,18.bora_cookrecitalhall_01.jpg
Recital Hall,7.c79e026995e7eaa59db8fb57ba739803123659c1.jpg
Recital Hall,3.hatchrecitalhall_seats.jpg
Recital Hall,2.hatchrecitalhall_stage.jpg
Recital Hall,13.0075cassiewrightphoto.jpg
Cello Studio 1,1.blowup.jpg
Cello Studio 1,image--107.jpg
Cello Studio 1,3.eastwest-01_1212-9j0fsxwqq.ls7_pnyyv64ttmfhavjy2x.jpg
Cello Studio 1,._image--107.jpg
hamilton-mausoleum,5.hamilton_mausoleum_2.jpg
hamilton-mausoleum,hm_ceil_sm.jpg
hamilton-mausoleum,._hm_ceil.jpg
hamilton-mausoleum,hm_int_sm.jpg
hamilton-mausoleum,._hm_int_sm.jpg
hamilton-mausoleum,hm_ceil.jpg
hamilton-mausoleum,11.0_sbr_ham140118mausoleum_1.jpg
hamilton-mausoleum,._hm_ceil_sm.jpg
Barbican Center,3.151a-w26764-1.jpg
Barbican Center,6.0153d3e8c9d7e218fc1922a6417d93ca.jpg
Barbican Center,5.barbicanhall.jpg
Barbican Center,9.barbicantheatre_audience.jpg
Barbican Center,2.5402b3c678c2bac156a179467f44a530.jpg
Barbican Center,14.rfh-organ-credit-hayes-davidson-nick-rochowski_0.jpg
Barbican Center,4.barbican-centre-london-england-stage.jpg
The Knitting Factory,19.160c9a0f-5c24-4864-a835-39e3a397bc65-large16x9_knittingfactoryreopens.jpg
The Knitting Factory,._image--160.jpg
The Knitting Factory,._image--159.jpg
The Knitting Factory,4.3.jpg
The Knitting Factory,6.knitting-factory-spokane-4-1000x500.jpg
The Knitting Factory,10.2.jpg
The Knitting Factory,image--160.jpg
The Knitting Factory,image--159.jpg
The Knitting Factory,15.7.jpg
The Knitting Factory,1.221804_venue.jpg
The Knitting Factory,14.boise_faq1443482037.jpg
The Knitting Factory,5.6.jpg
The Knitting Factory,12.2-1.jpg
San Francisco Columbarium,4.21343-50046.jpg
San Francisco Columbarium,1.21346-50046.jpg
San Francisco Columbarium,13.42ea037bd9a2a5d61e3183144bb34133.jpg
San Francisco Columbarium,7.be543257de08abc5344158ebf8e987a601b7349a.jpg
San Francisco Columbarium,11.w1siziisinvwbg9hzhmvcgxhy2vfaw1hz2vzlzu1owvlmjg5ogm1nzviotcwyv8xnjixmtkwodq5mf84zjjkmjkznjzhx2suanbnil0swyjwiiwidgh1bwiilcj4mzkwpijdlfsiccisimnvbnzlcnqilcitcxvhbgl0esa4msatyxv0by1vcmllbnqixv0.jpg
San Francisco Columbarium,2.21345-50046.jpg
San Francisco Columbarium,9.348s.jpg
San Francisco Columbarium,12.w1siziisinvwbg9hzhmvcgxhy2vfaw1hz2vzlzbjytu4nduxogu2zwu1nwyyy18xmdq0otm1xzewmtuxnjc2odq1ndazmjixxzexotq0oty0mzrfbi5qcgcixsxbinailcj0ahvtyiisingzota-il0swyjwiiwiy29udmvydcisii1xdwfsaxr5idgxic1hdxrvlw9yawvudcjdxq.jpg
york-minster,12..jpg
york-minster,11.image.jpg
york-minster,measuement_microphone_assembly.jpg
york-minster,._dsc_0285.jpg
york-minster,19.1.3258801-image-2407199150.jpg
york-minster,._measuement_microphone_assembly.jpg
york-minster,dsc_0285.jpg
york-minster,2..jpg
JamSync Florida Room,image--139.jpg
JamSync Florida Room,._image--139.jpg
Konway Studio C,5.image.jpg
Konway Studio C,4.image.jpg
Konway Studio C,7.image.jpg
Konway Studio C,9.image.jpg
Konway Studio C,13.image.jpg
Philharmonic Hall,11.ap19332747739470.jpg
Philharmonic Hall,19.bpo-photo3-mattdigati-1024x742.jpg
Philharmonic Hall,13.filename-liverpool-phil.jpg
Philharmonic Hall,5.latest.jpg
Philharmonic Hall,7.adlib-liverpool-philharmonic-hall_d4a7657.jpg
Philharmonic Hall,16.cadogan_hall_2c_sloane_terrace_2c_sw1_-_interior_-_geograph.org.uk_-_1805137.jpg
Philharmonic Hall,6.18975_royalliverpoolphilharmonicorchestra_522912.jpg
Philharmonic Hall,15.js74042944.jpg
Philharmonic Hall,10.9d567f67658d9b729df33589822a6af643f85cf8_cast-hall.jpg
Philharmonic Hall,14.royal-liverpool-philharmonic-orchestra-1591780434-editorial-long-form-0.jpg
Philharmonic Hall,8.mad_china_philharmonic_hall_10_main_concert_hall.jpg
Philharmonic Hall,3.interior_of_petronas_philharmonic_hall.jpg
koli-national-park-summer,site1_a.jpg
koli-national-park-summer,site2_c.jpg
koli-national-park-summer,site3_f.jpg
koli-national-park-summer,._site2_c.jpg
koli-national-park-summer,1.2-p1040979.jpg
koli-national-park-summer,._site1_d.jpg
koli-national-park-summer,._site1_a.jpg
koli-national-park-summer,site3_e.jpg
koli-national-park-summer,._site1_b.jpg
koli-national-park-summer,._site3_f.jpg
koli-national-park-summer,site1_b.jpg
koli-national-park-summer,2.kolipieniraama1-1500x630.jpg
koli-national-park-summer,site3_c.jpg
koli-national-park-summer,._site3_e.jpg
koli-national-park-summer,._site3_c.jpg
koli-national-park-summer,site1_d.jpg
Signet Audio Studio A,image--119.jpg
Signet Audio Studio A,._image--118.jpg
Signet Audio Studio A,._image--117.jpg
Signet Audio Studio A,image--118.jpg
Signet Audio Studio A,._image--119.jpg
Signet Audio Studio A,image--117.jpg
Wembley Arena,image--091.jpg
Wembley Arena,11.hero_gallery_ermbley_arena_image_2.jpg
Wembley Arena,2.5d90f10382f275c61af93088b5992aa2.jpg
Wembley Arena,8.wembley-stadium.jpg
Wembley Arena,._image--091.jpg
Wembley Arena,15.weday2015_613.jpg
Wembley Arena,6.the_sse_arena_wembley_9.jpg
Wembley Arena,1.auditorium_from_east_terrace.jpg
Birdland Jazz Club,17.e09e4353cf055227d3d1931399890.jpg
Birdland Jazz Club,image--147.jpg
Birdland Jazz Club,11.305560fa5d7e6f4339620d56c69181b4.jpg
Birdland Jazz Club,._image--148.jpg
Birdland Jazz Club,6.img_9556.jpg
Birdland Jazz Club,9.dc7fk-duqaavnzw.jpg
Birdland Jazz Club,image--148.jpg
Birdland Jazz Club,7.kurt_elling_with_big_band_by_ryan_paternite.jpg
Birdland Jazz Club,._image--147.jpg
Birdland Jazz Club,5.resizedcrop-f998ee72efa8479711028a0d4efe41ad-840x480.jpg
Birdland Jazz Club,2.birdland-room.jpg
Birdland Jazz Club,18.banquet_photo2.jpg
Birdland Jazz Club,1.birdland-theater.jpg
Parma Auditorium,13.auditorium-pagani-5.jpg
Parma Auditorium,17.97e46036dc739a9e97a1b21d776fa7fa.jpg
Parma Auditorium,4.auditorium-di-renzo-piano.jpg
Parma Auditorium,9.13da6e731bc76618d197537bb8247b9c.jpg
Parma Auditorium,image--098.jpg
Parma Auditorium,19.iw_auditoriumpaganini_20.jpg
Parma Auditorium,._image--098.jpg
Parma Auditorium,8.l-auditorium-di-renzo.jpg
Manhattan Grand Ballroom,8.events_thegrandballroom_hero_1.jpg
Manhattan Grand Ballroom,2.screen-shot-2017-07-28-at-12.30.19-pm.jpg
Manhattan Grand Ballroom,3.screen-shot-2017-07-28-at-12.30.12-pm.jpg
Manhattan Grand Ballroom,19.dtmdqzex0aafz9q.jpg_large.jpg
Manhattan Grand Ballroom,13.screen-shot-2017-07-28-at-12.30.44-pm.jpg
Manhattan Grand Ballroom,5.screen-shot-2017-07-28-at-12.31.08-pm.jpg
Manhattan Grand Ballroom,7.1712932_lg.jpg
Manhattan Grand Ballroom,1.manhatjpg-353x199.jpg
Manhattan Grand Ballroom,12.dv2aidlx0aiessw.jpg
Manhattan Grand Ballroom,14.dtmdq2ow0aaumpz.jpg
Manhattan Grand Ballroom,17.dv2ah7kwkamiavx.jpg
Manhattan Grand Ballroom,16.14117727234_c24563e107_o.jpg
Manhattan Grand Ballroom,20.events_thegrandballroom_gallery_slideshowgallery_4.jpg
Manhattan Grand Ballroom,10.duuj8rswkaeyyqt.jpg
Manhattan Grand Ballroom,18.25157252_slgi7e67qohmyckclcwbgejtv9f8mt-37spnewfvwk4.jpg
Manhattan Grand Ballroom,4.screen-shot-2017-07-28-at-12.30.53-pm.jpg
Stockton Studio C,2.image.jpg
alcuin-college-university-york,._source2receiver1view1.jpg
alcuin-college-university-york,source1receiverposition1viewfront.jpg
alcuin-college-university-york,._source1receiverposition2view1.jpg
alcuin-college-university-york,source2receiver1view1.jpg
alcuin-college-university-york,source1receiverposition2view1.jpg
alcuin-college-university-york,._source1receiverposition1viewfront.jpg
Entrance Hall,1.12ed6b345e0c95dbafb1ceb2db5ce7cd.jpg
Entrance Hall,9.entrance.jpg
Entrance Hall,7.c09a590e7cb4032073f7d833c2ed0732.jpg
Entrance Hall,11.bright-entrance-hall-with-table.jpg
Entrance Hall,15.1-sia_moore_-_german_village_-_entrance_hall.jpg
Entrance Hall,12.5-entrance-hall.jpg
Entrance Hall,5.hallway1-1002x1506.jpg
Entrance Hall,3.entrance-hall-01.jpg
Entrance Hall,17.modern-corridor-hallway-stairs-photos-by-emma-hooton-ltd-i-homify.jpg
Entrance Hall,10.11-entrance-hall-design-ideas.jpg
Entrance Hall,20.home-design.jpg
Entrance Hall,16.luxury-entrance-hall.jpg
Entrance Hall,14.hall-6.jpg
Entrance Hall,4.home-design.jpg
Entrance Hall,18.10-decorating-tips-on-how-to-style-an-impressive-entrance-hall.jpg
Entrance Hall,8.modern-corridor-hallway-stairs-photos-by-treso-ic-mimarlik-i-homify1.jpg
Entrance Hall,13.entrance-hall-ideas-1-545x826.jpg
Entrance Hall,6.home-design.jpg
Kirishima Concert Hall,image--022.jpg
Kirishima Concert Hall,4.647442156154a72544a20c3b236dd9e5.jpg
Kirishima Concert Hall,2.image_cv.php.jpg
Kirishima Concert Hall,16.conrad-prebys-concert-hall.jpg
Kirishima Concert Hall,image--021.jpg
Kirishima Concert Hall,6.stage2.jpg
Kirishima Concert Hall,._image--021.jpg
Kirishima Concert Hall,9.stage1.jpg
Kirishima Concert Hall,7.image_cv.php.jpg
Kirishima Concert Hall,._image--022.jpg
Noh Drama Theater,._image--061.jpg
Noh Drama Theater,20.132_0622_2_1400x1100.jpg
Noh Drama Theater,14.noh_theater.jpg
Noh Drama Theater,12.2091_03.jpg
Noh Drama Theater,13.220px-noh-stage.jpg
Noh Drama Theater,image--061.jpg
M Carling Apollo,._image--074.jpg
M Carling Apollo,12.eventim-apollo__330x275.jpg
M Carling Apollo,image--074.jpg
M Carling Apollo,5.manchestersfinest_manchesterapollo.jpg
trollers-gill,site1_f.jpg
trollers-gill,14.26f13ecbf962d1cb9a7bd0de3778e131.jpg
trollers-gill,site1_c.jpg
trollers-gill,site1_i.jpg
trollers-gill,site1_a.jpg
trollers-gill,site1_n.jpg
trollers-gill,site2_s.jpg
trollers-gill,site1_g.jpg
trollers-gill,site2_l.jpg
trollers-gill,site2_n.jpg
trollers-gill,._site1_k.jpg
trollers-gill,5.337px-entrance_to_trollers_gill_from_the_south_-_geograph.org.uk_-_413874.jpg
trollers-gill,site1_e.jpg
trollers-gill,site2_b.jpg
trollers-gill,._site2_n.jpg
trollers-gill,._site2_s.jpg
trollers-gill,site1_m.jpg
trollers-gill,._site1_d.jpg
trollers-gill,._site1_f.jpg
trollers-gill,._site1_n.jpg
trollers-gill,10.trollers-gill7.jpg
trollers-gill,._site1_a.jpg
trollers-gill,._site1_i.jpg
trollers-gill,3.trollers-gill.jpg
trollers-gill,1.trollers_gill.jpg
trollers-gill,._site1_m.jpg
trollers-gill,._site1_g.jpg
trollers-gill,._site1_j.jpg
trollers-gill,site2_p.jpg
trollers-gill,._site1_b.jpg
trollers-gill,site2_r.jpg
trollers-gill,._site2_b.jpg
trollers-gill,site2_m.jpg
trollers-gill,19.medialibraryqe3yqe-original.jpg
trollers-gill,site1_b.jpg
trollers-gill,._site2_l.jpg
trollers-gill,site2_q.jpg
trollers-gill,._site2_p.jpg
trollers-gill,._site1_l.jpg
trollers-gill,._site1_e.jpg
trollers-gill,._site2_q.jpg
trollers-gill,._site2_r.jpg
trollers-gill,13.02.jpg
trollers-gill,site1_h.jpg
trollers-gill,site2_o.jpg
trollers-gill,._site1_c.jpg
trollers-gill,._site2_m.jpg
trollers-gill,site1_j.jpg
trollers-gill,7.17-trollers-gill.jpg
trollers-gill,._site1_h.jpg
trollers-gill,site1_l.jpg
trollers-gill,site1_k.jpg
trollers-gill,site1_d.jpg
trollers-gill,._site2_o.jpg
musikverein,9.4b7f825f-5bc9-45d9-b06f-86dc6e85c8f5.jpg
musikverein,12.musikverein.jpg
musikverein,3.dra_7416.jpg
musikverein,musikverein4.jpg
musikverein,7.image_gallery.jpg
musikverein,6.abd0013-20200106-4-3-228036402730-3640x2730.jpg
musikverein,._musikverein2.jpg
musikverein,5.8c.jpg
musikverein,8.9d.jpg
musikverein,16.musikverein.jpg
musikverein,._musikverein4.jpg
musikverein,musikverein2.jpg
musikverein,18.musikverein.jpg
musikverein,2.420ebbc5-b599-4700-b60b-516cb0624e62.jpg
musikverein,14.musikverein-wien-goldener-saal.jpg
musikverein,4.image_gallery.jpg
musikverein,19.musikverein-grossersaal-21-5-17.jpg
heslington-church-vaa-group-2,heslington_church_impulse_response-5084.jpg
heslington-church-vaa-group-2,7.heslington_church_impulse_response-5083.jpg
heslington-church-vaa-group-2,2.heslington_church_impulse_response-5075.jpg
heslington-church-vaa-group-2,6.heslington_church_impulse_response-5092.jpg
heslington-church-vaa-group-2,._heslington_church_impulse_response-5094.jpg
heslington-church-vaa-group-2,4.heslington_church_impulse_response-5099.jpg
heslington-church-vaa-group-2,heslington_church_impulse_response-5081.jpg
heslington-church-vaa-group-2,._heslington_church_impulse_response-4900.jpg
heslington-church-vaa-group-2,heslington_church_impulse_response-5092.jpg
heslington-church-vaa-group-2,._heslington_church_impulse_response-5077.jpg
heslington-church-vaa-group-2,._heslington_church_impulse_response-5092.jpg
heslington-church-vaa-group-2,._heslington_church_impulse_response-5085.jpg
heslington-church-vaa-group-2,heslington_church_impulse_response-5082.jpg
heslington-church-vaa-group-2,heslington_church_impulse_response-5078.jpg
heslington-church-vaa-group-2,1.heslington_church_impulse_response-5090.jpg
heslington-church-vaa-group-2,._heslington_church_impulse_response-5082.jpg
heslington-church-vaa-group-2,._heslington_church_impulse_response-5099.jpg
heslington-church-vaa-group-2,heslington_church_impulse_response-5079.jpg
heslington-church-vaa-group-2,heslington_church_impulse_response-5077.jpg
heslington-church-vaa-group-2,heslington_church_impulse_response-5090.jpg
heslington-church-vaa-group-2,heslington_church_impulse_response-5083.jpg
heslington-church-vaa-group-2,heslington_church_impulse_response-5080.jpg
heslington-church-vaa-group-2,heslington_church_impulse_response-5099.jpg
heslington-church-vaa-group-2,._heslington_church_impulse_response-5079.jpg
heslington-church-vaa-group-2,heslington_church_impulse_response-4900.jpg
heslington-church-vaa-group-2,._heslington_church_impulse_response-5089.jpg
heslington-church-vaa-group-2,._heslington_church_impulse_response-5083.jpg
heslington-church-vaa-group-2,3.heslington_church_impulse_response-5098.jpg
heslington-church-vaa-group-2,heslington_church_impulse_response-5085.jpg
heslington-church-vaa-group-2,8.heslington_church_impulse_response-5080.jpg
heslington-church-vaa-group-2,._heslington_church_impulse_response-5098.jpg
heslington-church-vaa-group-2,heslington_church_impulse_response-5089.jpg
heslington-church-vaa-group-2,._heslington_church_impulse_response-5084.jpg
heslington-church-vaa-group-2,heslington_church_impulse_response-5094.jpg
heslington-church-vaa-group-2,heslington_church_impulse_response-5098.jpg
heslington-church-vaa-group-2,._heslington_church_impulse_response-5087.jpg
heslington-church-vaa-group-2,._heslington_church_impulse_response-5075.jpg
heslington-church-vaa-group-2,heslington_church_impulse_response-5075.jpg
heslington-church-vaa-group-2,._heslington_church_impulse_response-5081.jpg
heslington-church-vaa-group-2,heslington_church_impulse_response-5087.jpg
heslington-church-vaa-group-2,._heslington_church_impulse_response-5090.jpg
heslington-church-vaa-group-2,._heslington_church_impulse_response-5078.jpg
heslington-church-vaa-group-2,._heslington_church_impulse_response-5080.jpg
tunnel-entrance,._tunnel_entrance_1.jpg
tunnel-entrance,._tunnel_entrance_3.jpg
tunnel-entrance,tunnel_entrance_3.jpg
tunnel-entrance,._tunnel_entrance_2.jpg
tunnel-entrance,tunnel_entrance_2.jpg
tunnel-entrance,tunnel_entrance_1.jpg
Sound on Sound Studio,7.img_0146-2.jpg
Hammersmith Apollo,19.eventim-apollo-3.jpg
Hammersmith Apollo,6.hammersmithapollo100913-616x440.jpg
Hammersmith Apollo,4.hammersmith_0.jpg
Hammersmith Apollo,image--084.jpg
Hammersmith Apollo,2.image.jpg
Hammersmith Apollo,10.nucleusimagery.blob.core.windows.net_2flive_2faa4a21d3-dc9a-4cfc-bc06-e7287e824cc5.jpg
Hammersmith Apollo,3.eventim-apollo.jpg
Hammersmith Apollo,18.07c639a5a6c05fe91d8ff81419ac8f90.jpg
Hammersmith Apollo,13.15-hammersmith_apollo_tomcronin_img_6528-de4763bce9.jpg
Hammersmith Apollo,15.hammersmithapolloweb-20130808114523614.jpg
Hammersmith Apollo,._image--084.jpg
st-georges-episcopal-church,18.o-2.jpg
st-georges-episcopal-church,11.308690bd6fd661a0631b0f1640ef97f9.jpg
st-georges-episcopal-church,._img_0757.jpg
st-georges-episcopal-church,16.138750_l.jpg
st-georges-episcopal-church,8.anfa_stgeorges_int_02.jpg
st-georges-episcopal-church,6.stgeorgeflushingnave1.jpg
st-georges-episcopal-church,3.anfa_st_georges_int_01.jpg
st-georges-episcopal-church,img_0757.jpg
st-georges-episcopal-church,1.photo_jan_27_5_32_19_pm_crop.jpg
Old Fire Station,6.4.jpg
Old Fire Station,9.article-2536550-1a85cded00000578-781_634x414.jpg
Old Fire Station,2.6a00d8341c86d053ef0147e04cbc5d970b-500wi.jpg
Temple of Emanuel,7.featured-temple-emanu-el-upper-east-side-manhattan-nyc-untapped-cities1.jpg
Temple of Emanuel,14.temple11.jpg
Temple of Emanuel,6.emanuelint1.jpg
Temple of Emanuel,8.temple_emanu-el_001.jpg
Temple of Emanuel,2.temple-emanu-el-by-georgina.jpg
Stanford Memorial Church,image--054.jpg
Stanford Memorial Church,17.7177728848_fc307d1e24_b.jpg
Stanford Memorial Church,2.memchu-620-x-310.jpg
Stanford Memorial Church,11.hd_stanford_memorial_church_wedding_257s.jpg
Stanford Memorial Church,6.220px-stanford_memorial_church_interior_2.jpg
Stanford Memorial Church,9.44078a6e6fcb3d24f0c53a33eb8f97cb.jpg
Stanford Memorial Church,._image--054.jpg
